km,date,hour,dir,kts,gust,temp,rain,cloud
0,2026-10-10,5,270,9.7,9.7,14,0.15,51
0,2026-10-10,11,225,11.7,11.7,11,1.27,46
0,2026-10-10,17,270,17.5,17.5,13,1.65,73
0,2026-10-10,23,225,13.6,13.6,11,1.43,71
0,2026-10-11,5,225,13.6,13.6,10,1.85,81
0,2026-10-11,11,225,11.7,11.7,11,1.77,89
0,2026-10-11,17,270,15.6,15.6,14,0.35,72
0,2026-10-11,23,270,11.7,11.7,12,0.2,65
171,2026-10-10,5,270,5.8,5.8,14,0.45,82
171,2026-10-10,11,225,11.7,11.7,12,0.55,30
171,2026-10-10,17,270,15.6,15.6,15,0.85,22
171,2026-10-10,23,225,11.7,11.7,10,0.65,61
171,2026-10-11,5,270,11.7,11.7,11,0.7,27
171,2026-10-11,11,270,13.6,13.6,11,1.5,39
171,2026-10-11,17,270,13.6,13.6,13,0.55,48
171,2026-10-11,23,270,9.7,9.7,12,0.0,17
504,2026-10-10,5,270,15.6,15.6,16,0.15,25
504,2026-10-10,11,270,17.5,17.5,14,0.4,28
504,2026-10-10,17,270,17.5,17.5,15,0.4,10
504,2026-10-10,23,270,17.5,17.5,15,0.55,63
504,2026-10-11,5,270,19.4,19.4,14,0.05,10
504,2026-10-11,11,270,17.5,17.5,13,0.15,89
504,2026-10-11,17,270,13.6,13.6,14,0.05,38
504,2026-10-11,23,270,11.7,11.7,14,0.0,100
